https://www.web.mit.edu;http://whereis.mit.edu/;MIT Campus Map;1
https://www.web.mit.edu;https://web.mit.edu/privacy;Privacy | MIT - Massachusetts Institute of Technology;1
https://www.web.mit.edu;https://web.mit.edu/building-a-better-world;Better World | MIT - Massachusetts Institute of Technology;1
https://www.web.mit.edu;https://web.mit.edu/#;MIT - Massachusetts Institute of Technology;1
https://www.web.mit.edu;https://web.mit.edu/alumni;Alumni | MIT - Massachusetts Institute of Technology;1
https://www.web.mit.edu;https://web.mit.edu/accessibility;Accessibility | MIT - Massachusetts Institute of Technology;1
https://www.web.mit.edu;https://web.mit.edu/feedback;Feedback | MIT - Massachusetts Institute of Technology;1
https://www.web.mit.edu;http://news.mit.edu/2021/adedolapo-adedokun-mitchell-scholar-1122;Adedolapo Adedokun named 2023 Mitchell Scholar | MIT News | Massachusetts Institute of Technology;1
https://www.web.mit.edu;https://www.youtube.com/mit;;1
https://www.web.mit.edu;https://www.facebook.com/sharer/sharer.php?u=http://web.mit.edu/spotlight/peeking-chrysalis;Facebook;1
https://www.web.mit.edu;https://twitter.com/MITAthletics/status/1462217898827694091;;1
https://www.web.mit.edu;http://meche.mit.edu;home | MIT Department of Mechanical Engineering;1
https://www.web.mit.edu;https://web.mit.edu/search/?redirect-origin=legacy&tab=directory;Search Results | MIT - Massachusetts Institute of Technology;1
https://www.web.mit.edu;http://calendar.mit.edu/;Events Calendar - MIT Events;1
https://www.web.mit.edu;https://web.mit.edu/innovation;Innovation | MIT - Massachusetts Institute of Technology;1
https://www.web.mit.edu;https://twitter.com/mit;;1
https://www.web.mit.edu;https://www.google.com/maps/place/Massachusetts+Institute+of+Technology/@42.360091,-71.09416,15z/data=!4m5!3m4!1s0x0:0xd0e08ea5b308203c!8m2!3d42.360091!4d-71.09416;Google Maps;1
https://www.web.mit.edu;http://careers.mit.edu/;Careers | MIT Human Resources;1
https://www.web.mit.edu;http://news.mit.edu/;MIT News | Massachusetts Institute of Technology;1
https://www.web.mit.edu;https://web.mit.edu/search;Search Results | MIT - Massachusetts Institute of Technology;1
https://www.web.mit.edu;http://news.mit.edu/2021/martin-schmidt-named-president-rpi-1123;Provost Martin Schmidt named president of Rensselaer Polytechnic Institute | MIT News | Massachusetts Institute of Technology;1
https://www.web.mit.edu;http://news.mit.edu/2021/desmond-edwards-science-benefit-society-1121;Investigating pathogens and their life cycles, for the benefit of society | MIT News | Massachusetts Institute of Technology;1
https://www.web.mit.edu;https://web.mit.edu/about;About MIT | MIT - Massachusetts Institute of Technology;1
https://www.web.mit.edu;https://web.mit.edu/;MIT - Massachusetts Institute of Technology;1
https://www.web.mit.edu;https://www.facebook.com/MITnews;Facebook;1
https://www.web.mit.edu;http://medical.mit.edu/covid-19-updates/2021/11/tips-pretty-normal-thanksgiving;MIT Medical’s tips for a “pretty darn normal” Thanksgiving | MIT Medical;1
https://www.web.mit.edu;http://news.mit.edu/2021/butterfly-wing-scales-growth-1122;Peeking into a chrysalis, videos reveal growth of butterfly wing scales | MIT News | Massachusetts Institute of Technology;1
https://www.web.mit.edu;https://web.mit.edu/visitmit;Visit | MIT - Massachusetts Institute of Technology;1
https://www.web.mit.edu;https://web.mit.edu/contact;Contact | MIT - Massachusetts Institute of Technology;1
https://www.web.mit.edu;https://www.web.mit.edu;MIT - Massachusetts Institute of Technology;0
https://www.web.mit.edu;https://twitter.com/MITdusp/status/1461339400101638144;;1
https://www.web.mit.edu;https://web.mit.edu/education;Education | MIT - Massachusetts Institute of Technology;1
https://www.web.mit.edu;https://twitter.com/share?url=http://web.mit.edu/spotlight/peeking-chrysalis;;1
https://www.web.mit.edu;http://socialmediahub.mit.edu/;MIT Social Media Hub | Massachusetts Institute of Technology;1
https://www.web.mit.edu;https://web.mit.edu/campus-life;Campus Life | MIT - Massachusetts Institute of Technology;1
https://www.web.mit.edu;http://news.mit.edu/news-clip/stat-86;Clip STAT Nancy Hopkins, pioneering biologist and advocate for gender equity in science, wins STAT Biomedical Innovation Award (Nov. 16 | MIT News | Massachusetts Institute of Technology;1
https://www.web.mit.edu;https://web.mit.edu/#main;MIT - Massachusetts Institute of Technology;1
https://www.web.mit.edu;https://web.mit.edu/research;Research | MIT - Massachusetts Institute of Technology;1
https://www.web.mit.edu;https://web.mit.edu/admissions-aid;Admissions + Aid | MIT - Massachusetts Institute of Technology;1
https://www.web.mit.edu;https://www.instagram.com/mitpics/;MIT (@mitpics) • Instagram photos and videos;1
